date,day_of_week,month,is_weekend
2025-01-01,Wednesday,January,False
2025-01-02,Thursday,January,False
2025-01-03,Friday,January,False
2025-01-04,Saturday,January,True
2025-01-05,Sunday,January,True
2025-01-06,Monday,January,False
2025-01-07,Tuesday,January,False
2025-01-08,Wednesday,January,False
2025-01-09,Thursday,January,False
2025-01-10,Friday,January,False
2025-01-11,Saturday,January,True
2025-01-12,Sunday,January,True
2025-01-13,Monday,January,False
2025-01-14,Tuesday,January,False
2025-01-15,Wednesday,January,False
2025-01-16,Thursday,January,False
2025-01-17,Friday,January,False
2025-01-18,Saturday,January,True
2025-01-19,Sunday,January,True
2025-01-20,Monday,January,False
2025-01-21,Tuesday,January,False
2025-01-22,Wednesday,January,False
2025-01-23,Thursday,January,False
2025-01-24,Friday,January,False
2025-01-25,Saturday,January,True
2025-01-26,Sunday,January,True
2025-01-27,Monday,January,False
2025-01-28,Tuesday,January,False
2025-01-29,Wednesday,January,False
2025-01-30,Thursday,January,False
2025-01-31,Friday,January,False
2025-02-01,Saturday,February,True
2025-02-02,Sunday,February,True
2025-02-03,Monday,February,False
2025-02-04,Tuesday,February,False
2025-02-05,Wednesday,February,False
2025-02-06,Thursday,February,False
2025-02-07,Friday,February,False
2025-02-08,Saturday,February,True
2025-02-09,Sunday,February,True
2025-02-10,Monday,February,False
2025-02-11,Tuesday,February,False
2025-02-12,Wednesday,February,False
2025-02-13,Thursday,February,False
2025-02-14,Friday,February,False
2025-02-15,Saturday,February,True
2025-02-16,Sunday,February,True
2025-02-17,Monday,February,False
2025-02-18,Tuesday,February,False
2025-02-19,Wednesday,February,False
2025-02-20,Thursday,February,False
2025-02-21,Friday,February,False
2025-02-22,Saturday,February,True
2025-02-23,Sunday,February,True
2025-02-24,Monday,February,False
2025-02-25,Tuesday,February,False
2025-02-26,Wednesday,February,False
2025-02-27,Thursday,February,False
2025-02-28,Friday,February,False
2025-03-01,Saturday,March,True
2025-03-02,Sunday,March,True
2025-03-03,Monday,March,False
2025-03-04,Tuesday,March,False
2025-03-05,Wednesday,March,False
2025-03-06,Thursday,March,False
2025-03-07,Friday,March,False
2025-03-08,Saturday,March,True
2025-03-09,Sunday,March,True
2025-03-10,Monday,March,False
2025-03-11,Tuesday,March,False
2025-03-12,Wednesday,March,False
2025-03-13,Thursday,March,False
2025-03-14,Friday,March,False
2025-03-15,Saturday,March,True
2025-03-16,Sunday,March,True
2025-03-17,Monday,March,False
2025-03-18,Tuesday,March,False
2025-03-19,Wednesday,March,False
2025-03-20,Thursday,March,False
2025-03-21,Friday,March,False
2025-03-22,Saturday,March,True
2025-03-23,Sunday,March,True
2025-03-24,Monday,March,False
2025-03-25,Tuesday,March,False
2025-03-26,Wednesday,March,False
2025-03-27,Thursday,March,False
2025-03-28,Friday,March,False
2025-03-29,Saturday,March,True
2025-03-30,Sunday,March,True
2025-03-31,Monday,March,False
2025-04-01,Tuesday,April,False
2025-04-02,Wednesday,April,False
2025-04-03,Thursday,April,False
2025-04-04,Friday,April,False
2025-04-05,Saturday,April,True
2025-04-06,Sunday,April,True
2025-04-07,Monday,April,False
2025-04-08,Tuesday,April,False
2025-04-09,Wednesday,April,False
2025-04-10,Thursday,April,False
2025-04-11,Friday,April,False
2025-04-12,Saturday,April,True
2025-04-13,Sunday,April,True
2025-04-14,Monday,April,False
2025-04-15,Tuesday,April,False
2025-04-16,Wednesday,April,False
2025-04-17,Thursday,April,False
2025-04-18,Friday,April,False
2025-04-19,Saturday,April,True
2025-04-20,Sunday,April,True
2025-04-21,Monday,April,False
2025-04-22,Tuesday,April,False
2025-04-23,Wednesday,April,False
2025-04-24,Thursday,April,False
2025-04-25,Friday,April,False
2025-04-26,Saturday,April,True
2025-04-27,Sunday,April,True
2025-04-28,Monday,April,False
2025-04-29,Tuesday,April,False
2025-04-30,Wednesday,April,False
2025-05-01,Thursday,May,False
2025-05-02,Friday,May,False
2025-05-03,Saturday,May,True
2025-05-04,Sunday,May,True
2025-05-05,Monday,May,False
2025-05-06,Tuesday,May,False
2025-05-07,Wednesday,May,False
2025-05-08,Thursday,May,False
2025-05-09,Friday,May,False
2025-05-10,Saturday,May,True
2025-05-11,Sunday,May,True
2025-05-12,Monday,May,False
2025-05-13,Tuesday,May,False
2025-05-14,Wednesday,May,False
2025-05-15,Thursday,May,False
2025-05-16,Friday,May,False
2025-05-17,Saturday,May,True
2025-05-18,Sunday,May,True
2025-05-19,Monday,May,False
2025-05-20,Tuesday,May,False
2025-05-21,Wednesday,May,False
2025-05-22,Thursday,May,False
2025-05-23,Friday,May,False
2025-05-24,Saturday,May,True
2025-05-25,Sunday,May,True
2025-05-26,Monday,May,False
2025-05-27,Tuesday,May,False
2025-05-28,Wednesday,May,False
2025-05-29,Thursday,May,False
2025-05-30,Friday,May,False
2025-05-31,Saturday,May,True
2025-06-01,Sunday,June,True
2025-06-02,Monday,June,False
2025-06-03,Tuesday,June,False
2025-06-04,Wednesday,June,False
2025-06-05,Thursday,June,False
2025-06-06,Friday,June,False
2025-06-07,Saturday,June,True
2025-06-08,Sunday,June,True
2025-06-09,Monday,June,False
2025-06-10,Tuesday,June,False
2025-06-11,Wednesday,June,False
2025-06-12,Thursday,June,False
2025-06-13,Friday,June,False
2025-06-14,Saturday,June,True
2025-06-15,Sunday,June,True
2025-06-16,Monday,June,False
2025-06-17,Tuesday,June,False
2025-06-18,Wednesday,June,False
2025-06-19,Thursday,June,False
2025-06-20,Friday,June,False
2025-06-21,Saturday,June,True
2025-06-22,Sunday,June,True
2025-06-23,Monday,June,False
2025-06-24,Tuesday,June,False
2025-06-25,Wednesday,June,False
2025-06-26,Thursday,June,False
2025-06-27,Friday,June,False
2025-06-28,Saturday,June,True
2025-06-29,Sunday,June,True
2025-06-30,Monday,June,False
2025-07-01,Tuesday,July,False
2025-07-02,Wednesday,July,False
2025-07-03,Thursday,July,False
2025-07-04,Friday,July,False
2025-07-05,Saturday,July,True
2025-07-06,Sunday,July,True
2025-07-07,Monday,July,False
2025-07-08,Tuesday,July,False
2025-07-09,Wednesday,July,False
2025-07-10,Thursday,July,False
2025-07-11,Friday,July,False
2025-07-12,Saturday,July,True
2025-07-13,Sunday,July,True
2025-07-14,Monday,July,False
2025-07-15,Tuesday,July,False
2025-07-16,Wednesday,July,False
2025-07-17,Thursday,July,False
2025-07-18,Friday,July,False
2025-07-19,Saturday,July,True
2025-07-20,Sunday,July,True
2025-07-21,Monday,July,False
2025-07-22,Tuesday,July,False
2025-07-23,Wednesday,July,False
2025-07-24,Thursday,July,False
2025-07-25,Friday,July,False
2025-07-26,Saturday,July,True
2025-07-27,Sunday,July,True
2025-07-28,Monday,July,False
2025-07-29,Tuesday,July,False
2025-07-30,Wednesday,July,False
2025-07-31,Thursday,July,False
2025-08-01,Friday,August,False
2025-08-02,Saturday,August,True
2025-08-03,Sunday,August,True
2025-08-04,Monday,August,False
2025-08-05,Tuesday,August,False
2025-08-06,Wednesday,August,False
2025-08-07,Thursday,August,False
2025-08-08,Friday,August,False
2025-08-09,Saturday,August,True
2025-08-10,Sunday,August,True
2025-08-11,Monday,August,False
2025-08-12,Tuesday,August,False
2025-08-13,Wednesday,August,False
2025-08-14,Thursday,August,False
2025-08-15,Friday,August,False
2025-08-16,Saturday,August,True
2025-08-17,Sunday,August,True
2025-08-18,Monday,August,False
2025-08-19,Tuesday,August,False
2025-08-20,Wednesday,August,False
2025-08-21,Thursday,August,False
2025-08-22,Friday,August,False
2025-08-23,Saturday,August,True
2025-08-24,Sunday,August,True
2025-08-25,Monday,August,False
2025-08-26,Tuesday,August,False
2025-08-27,Wednesday,August,False
2025-08-28,Thursday,August,False
2025-08-29,Friday,August,False
2025-08-30,Saturday,August,True
2025-08-31,Sunday,August,True
2025-09-01,Monday,September,False
2025-09-02,Tuesday,September,False
2025-09-03,Wednesday,September,False
2025-09-04,Thursday,September,False
2025-09-05,Friday,September,False
2025-09-06,Saturday,September,True
2025-09-07,Sunday,September,True
2025-09-08,Monday,September,False
2025-09-09,Tuesday,September,False
2025-09-10,Wednesday,September,False
2025-09-11,Thursday,September,False
2025-09-12,Friday,September,False
2025-09-13,Saturday,September,True
2025-09-14,Sunday,September,True
2025-09-15,Monday,September,False
2025-09-16,Tuesday,September,False
2025-09-17,Wednesday,September,False
2025-09-18,Thursday,September,False
2025-09-19,Friday,September,False
2025-09-20,Saturday,September,True
2025-09-21,Sunday,September,True
2025-09-22,Monday,September,False
2025-09-23,Tuesday,September,False
2025-09-24,Wednesday,September,False
2025-09-25,Thursday,September,False
2025-09-26,Friday,September,False
2025-09-27,Saturday,September,True
2025-09-28,Sunday,September,True
2025-09-29,Monday,September,False
2025-09-30,Tuesday,September,False
2025-10-01,Wednesday,October,False
2025-10-02,Thursday,October,False
2025-10-03,Friday,October,False
2025-10-04,Saturday,October,True
2025-10-05,Sunday,October,True
2025-10-06,Monday,October,False
2025-10-07,Tuesday,October,False
2025-10-08,Wednesday,October,False
2025-10-09,Thursday,October,False
2025-10-10,Friday,October,False
2025-10-11,Saturday,October,True
2025-10-12,Sunday,October,True
2025-10-13,Monday,October,False
2025-10-14,Tuesday,October,False
2025-10-15,Wednesday,October,False
2025-10-16,Thursday,October,False
2025-10-17,Friday,October,False
2025-10-18,Saturday,October,True
2025-10-19,Sunday,October,True
2025-10-20,Monday,October,False
2025-10-21,Tuesday,October,False
2025-10-22,Wednesday,October,False
2025-10-23,Thursday,October,False
2025-10-24,Friday,October,False
2025-10-25,Saturday,October,True
2025-10-26,Sunday,October,True
2025-10-27,Monday,October,False
2025-10-28,Tuesday,October,False
2025-10-29,Wednesday,October,False
2025-10-30,Thursday,October,False
2025-10-31,Friday,October,False
2025-11-01,Saturday,November,True
2025-11-02,Sunday,November,True
2025-11-03,Monday,November,False
2025-11-04,Tuesday,November,False
2025-11-05,Wednesday,November,False
2025-11-06,Thursday,November,False
2025-11-07,Friday,November,False
2025-11-08,Saturday,November,True
2025-11-09,Sunday,November,True
2025-11-10,Monday,November,False
2025-11-11,Tuesday,November,False
2025-11-12,Wednesday,November,False
2025-11-13,Thursday,November,False
2025-11-14,Friday,November,False
2025-11-15,Saturday,November,True
2025-11-16,Sunday,November,True
2025-11-17,Monday,November,False
2025-11-18,Tuesday,November,False
2025-11-19,Wednesday,November,False
2025-11-20,Thursday,November,False
2025-11-21,Friday,November,False
2025-11-22,Saturday,November,True
2025-11-23,Sunday,November,True
2025-11-24,Monday,November,False
2025-11-25,Tuesday,November,False
2025-11-26,Wednesday,November,False
2025-11-27,Thursday,November,False
2025-11-28,Friday,November,False
2025-11-29,Saturday,November,True
2025-11-30,Sunday,November,True
2025-12-01,Monday,December,False
2025-12-02,Tuesday,December,False
2025-12-03,Wednesday,December,False
2025-12-04,Thursday,December,False
2025-12-05,Friday,December,False
2025-12-06,Saturday,December,True
2025-12-07,Sunday,December,True
2025-12-08,Monday,December,False
2025-12-09,Tuesday,December,False
2025-12-10,Wednesday,December,False
2025-12-11,Thursday,December,False
2025-12-12,Friday,December,False
2025-12-13,Saturday,December,True
2025-12-14,Sunday,December,True
2025-12-15,Monday,December,False
2025-12-16,Tuesday,December,False
2025-12-17,Wednesday,December,False
2025-12-18,Thursday,December,False
2025-12-19,Friday,December,False
2025-12-20,Saturday,December,True
2025-12-21,Sunday,December,True
2025-12-22,Monday,December,False
2025-12-23,Tuesday,December,False
2025-12-24,Wednesday,December,False
2025-12-25,Thursday,December,False
2025-12-26,Friday,December,False
2025-12-27,Saturday,December,True
2025-12-28,Sunday,December,True
2025-12-29,Monday,December,False
2025-12-30,Tuesday,December,False
2025-12-31,Wednesday,December,False
